variant,model,condition,n,overall_score_mean,overall_score_sd,prediction_score_mean,prediction_score_sd,representation_score_mean,representation_score_sd,prediction_raw_mae_mean,prediction_raw_mae_sd,prediction_raw_accuracy_mean,prediction_raw_accuracy_sd,prediction_active_taxel_accuracy_mean,prediction_active_taxel_accuracy_sd,prediction_active_taxel_mae_mean,prediction_active_taxel_mae_sd,prediction_profile_accuracy_mean,prediction_profile_accuracy_sd,prediction_peak_accuracy_mean,prediction_peak_accuracy_sd,pca_total_explained_variance_mean,pca_total_explained_variance_sd,pca_raw_pred_gap_mean,pca_raw_pred_gap_sd,latent_combo_separation_ratio_mean,latent_combo_separation_ratio_sd,latent_combo_nearest_separation_ratio_mean,latent_combo_nearest_separation_ratio_sd,best_composite_run,best_composite_score
selftouch_fcn,FCN,no-history,5,19.80145375071703,1.9950615090131663,10.636380493160214,3.1530460414938917,32.63255631129657,4.7076373585969975,90.26288452148438,0.562996701300118,88.93348947672479,0.11045183512997003,64.09746139109235,0.48348863304333806,202.03662300109863,3.1718164225158847,87.96397715806961,2.3015775716727807,48.85043540409236,0.5515258231389776,0.5777079105377197,0.004390183992170832,23.090408325195312,0.09998548102877235,4.625248072585491,0.8803889880871569,2.5077994425856533,0.4255167380302959,sandy-plasma-2,23.208045265349217
selftouch_fcn,FCN,history-2step,5,75.76043514805055,1.673999760977675,94.13983044524096,2.730485483659482,50.029281731983986,1.5977505216009156,47.267156982421874,0.19272375232589004,96.92914448938811,0.04120219499308766,88.3764723690535,0.15397265021450468,92.76312313079833,0.6346058896487294,93.64646135767302,2.7166166940279486,79.86358522416018,0.1625588552758667,0.5643602728843689,0.002216300164710884,22.34760627746582,0.05464050528431161,4.646077041827395,0.13812675482284073,2.6057868678069918,0.2842641217358869,ancient-resonance-6,77.44719804544077
selftouch_transformer,Transformer,no-history,5,14.359446540440922,2.8971782149561087,10.928414338439511,3.6661832350712067,19.162891623242892,2.003184546596144,92.68754539489746,1.2336883902598026,88.18920175711202,0.2746197185015953,63.22252052056623,0.8789042342284376,205.58288536071777,3.9431789451772183,91.96754350264868,2.388320854519623,48.08609596555221,0.5854314545986266,0.5695938467979431,0.003096203973457463,23.096885681152344,0.06219971849463265,2.5505511846080853,0.6218422226742496,1.2325274623146865,0.292784959107258,classic-bird-3,18.648093902546798
selftouch_transformer,Transformer,history-2step,5,62.572673141956635,2.083986434358323,77.53190703915918,1.2421181995924828,41.62974568587307,3.954762505468341,57.28092279434204,0.3694821096838242,95.11282145837575,0.050128386320032865,81.98360195919861,0.32400891640137486,116.56563568115234,1.2038242247493478,95.07549466192722,0.8361297901356525,72.03407873708268,0.4782263047984948,0.5631658792495727,0.003204766410902058,22.412338256835938,0.13393716661083446,3.2710640250814267,0.25367235647323383,1.7867531960719176,0.2249676357703138,magic-sea-7,65.34814209515899
selftouch_gru_attention,GRU-Attention,no-history,5,20.00969062550331,2.5420445119773207,13.905697872929105,3.520594092107475,28.555280479107203,1.525559229214833,88.99528331756592,0.9768478552126837,89.17211287177888,0.17286889377963716,64.52251650289364,0.3661885662062002,197.68431930541993,3.3974368410225106,88.49652761220932,3.215930713165994,49.88626231818159,0.5011830362380132,0.567174208164215,0.004051714606378287,22.93706855773926,0.06934749068798195,3.8949906731909083,0.35429667457041764,2.101536417751062,0.22192263284641162,tough-cloud-10,23.66698643542246
selftouch_gru_attention,GRU-Attention,history-2step,5,71.39422923639279,0.9153865540047734,89.94933818140518,0.8065623563385963,45.41707671337543,1.1727769391178942,48.14324016571045,0.2927596485594204,96.71025400209244,0.06196292069356385,87.00041672510828,0.15685363320954962,98.099196434021,0.3730645774569128,93.1512638181448,0.8681781287961734,77.44402170077278,0.21627091806638848,0.5641731500625611,0.0013756794905936565,22.293386459350586,0.047070865259502444,2.957537766188749,0.2322473859850465,1.6752898154445195,0.1144725506923985,gallant-mountain-5,72.38816291915968
selftouch_temporal_mixer,Temporal Mixer,no-history,5,22.030734332931544,1.6092015800368298,15.362106318438085,1.8120427721458856,31.36681355322238,3.306579580038286,92.04590759277343,1.17612143837091,88.51295754741643,0.23331225671727637,63.43484706792513,0.39383048157613143,205.48719635009766,2.6888411924995324,95.75332983334859,0.590321746743456,48.36806025327628,0.4272697543276918,0.5644862055778503,0.0033605601617613264,22.85843505859375,0.07800438596975286,4.356995338644181,0.34077386770763807,2.309847899063328,0.2533635943865759,vague-shape-4,24.376243358412832
selftouch_temporal_mixer,Temporal Mixer,history-2step,5,76.26837425244985,1.416836417398072,95.7763326136567,1.6195048161642538,48.957232546760274,2.0121819847648683,49.98402328491211,0.9528849440042214,96.5692248008846,0.16589545939877656,87.42117319012321,0.3999686406169129,95.26262874603272,1.3780150975529057,98.13456857701142,0.5286642323438657,78.88376418074166,0.5540129151422106,0.5600081562995911,0.002462406804393087,22.26198081970215,0.08372887501631293,4.315709310261468,0.08352057103366364,2.3998320427303517,0.20250464503583224,lunar-haze-8,77.49076700964687
selftouch_mamba,Mamba,no-history,5,26.993046882255527,1.8783857547633311,26.85537781646674,2.5163859766146746,27.185783574359835,3.3756734027471302,85.2981466293335,1.696995810960398,89.8000044410451,0.2492945522615352,68.04131373178197,0.31839792963081104,182.75103759765625,3.4153357177948,92.46224023898442,1.5435999544562167,54.02503129720238,0.2136862804639202,0.5800997614860535,0.003741029235680993,23.203334426879884,0.08320050815972252,3.8349898709851855,0.556101034188831,2.1103074415907046,0.4464156891152281,electric-field-1,29.494694842509656
selftouch_mamba,Mamba,history-2step,5,75.54503179550986,0.9913076308288703,92.84513606949469,1.771854864625445,51.324885811931075,1.1723626211040383,49.4046950340271,0.20523203892211858,96.644785622338,0.0392717582215487,87.26770143875541,0.24857235584331247,97.10576477050782,1.0004505044683873,95.35549358526865,2.4503476925508996,78.86381482758293,0.33199883084500914,0.5653198957443237,0.0017316141075515502,22.389283752441408,0.02160585163197927,5.183008014541199,0.18705315926427216,2.937995112588335,0.11190242126075899,confused-capybara-6,76.5081656948043
selftouch_contrastive_fcn,Contrastive FCN,no-history,5,28.16444003027258,3.508159647682007,11.269368475684015,4.388384594056584,51.81754020669657,6.985503824217955,90.12266883850097,2.0573668304096095,88.98557576425098,0.36067750461515374,63.93468657065067,0.3580245582501042,203.06126594543457,4.1985025277015495,89.05971573789915,2.505072475720559,48.56936620781844,0.43264019042359464,0.5760408639907837,0.00597736723369601,23.074500274658202,0.10291118182222975,9.518446676860748,1.640078955409132,5.592642788530657,1.3531160225847083,clean-pine-1,33.36543325145008
selftouch_contrastive_fcn,Contrastive FCN,history-2step,5,81.75912158849165,2.6853606813869875,94.63435683438531,2.903461831343964,63.73379224424053,7.111703848058696,47.64335126876831,0.5597926222573947,96.92879536775683,0.07291396557172085,88.3251476422175,0.3537359084008538,93.29444026947021,1.4926830069876644,94.42729828258356,2.4103678882247754,79.7832663396784,0.49139482351698305,0.5628626942634583,0.002326733124933122,22.34471664428711,0.037636580223346414,8.558203168518565,1.7369944519434841,4.681853432914581,1.3324764774338353,zesty-sound-7,85.11275771655635
selftouch_contrastive_transformer,Contrastive Transformer,no-history,5,19.700238903849513,1.8891476219748735,8.685094735468207,2.473172841020788,35.12144073958335,1.562685368582678,93.1386287689209,0.693609494645707,88.07863168265973,0.23825301329790438,62.78193311501084,0.3404604339391442,207.4661422729492,1.8082915313825771,90.78665550549826,2.138035242815243,47.69218232434528,0.396804866013556,0.5701877355575562,0.0021178707868765023,23.06942024230957,0.04047969583458452,6.389106906628042,0.7591616018658118,3.339971907583279,0.2499585616058251,swift-paper-4,22.02947862488014
selftouch_contrastive_transformer,Contrastive Transformer,history-2step,5,66.28757899641829,2.0967852746969355,76.2820886746694,1.4180185967286252,52.29526544686674,5.454322779481617,57.495895576477054,0.43445380086463525,95.08450749216999,0.021093550491984345,81.6806426997346,0.43656149853101045,117.3342674255371,1.2028832137180574,94.34570434192817,0.7993910709733499,71.75149920834514,0.6596468646931244,0.5646185159683228,0.003371461235714884,22.444698333740234,0.11406874303837537,6.243585781907461,1.647641326454872,3.304484258633793,0.7983048110596563,treasured-thunder-7,68.86438581391968
selftouch_contrastive_gru,Contrastive GRU,no-history,5,25.88930093302985,3.763638184096674,12.531458615872547,1.632572526342768,44.59028017705008,7.149969714153459,90.27418746948243,1.5377756485455807,88.90886810384283,0.3407416543676583,64.34435472811134,0.30772717845973946,200.0601608276367,2.5600722575392747,88.48312809069952,1.736043227354742,50.00391423536795,0.5522861978237422,0.5641614198684692,0.005794578037731934,22.868389511108397,0.13725249648257704,8.26219372807751,1.2388224346735264,4.200411898767664,1.0481572095011173,devout-field-7,30.406500693691374
selftouch_contrastive_gru,Contrastive GRU,history-2step,5,78.15318465387176,1.504377859023858,87.60092231485164,1.24798475275965,64.92635192849994,3.5637644798831616,48.55260305404663,0.42765826506003685,96.62290549407199,0.06648063788136854,86.58710292882367,0.2520145553160008,99.78545913696288,0.3244599104474699,91.6402097841104,1.095779414980718,77.1053662833889,0.3780499933497939,0.5638941287994385,0.0012939850981424882,22.254763412475587,0.04880556691153372,7.627019341297526,0.8774385824748973,4.459105729492478,0.637376795825608,pleasant-durian-1,80.1214892220181
selftouch_contrastive_temporal,Contrastive Temporal,no-history,5,26.3422898388107,2.5784566491845835,15.995444539333997,1.1046696244556535,40.827873258078085,5.052647828966628,91.75611991882325,0.47074078993968455,88.60291640516137,0.07825659810772596,63.58329012212541,0.5200689236076663,204.8193286895752,1.311601233763724,96.01536813378334,0.9001518656629792,48.382169135043384,0.3357833733310154,0.5690732836723328,0.00412565091741231,22.99342460632324,0.11311023112033494,7.268559996727566,1.3092954535607622,4.003084438863345,1.1822378579486943,restful-valley-4,29.305204746944014
selftouch_contrastive_temporal,Contrastive Temporal,history-2step,5,81.30809611991364,2.5495806105405823,96.30300019275651,0.8472984948395179,60.31523041793362,5.240995269160463,49.94153070449829,0.4162539599756291,96.58074560380098,0.03832496523881107,87.49185554342951,0.17998470382722104,95.01300430297852,0.9978805767139758,98.40406673649946,0.47307583069195475,79.11827563794267,0.2261550952546229,0.5585105061531067,0.002406449100623408,22.237488174438475,0.0244096976491099,7.295567404849865,1.4169050825848664,4.099979314816557,0.8433869549594971,serene-jazz-9,85.02616376982716
selftouch_contrastive_mamba,Contrastive Mamba,no-history,5,34.21912202888026,1.547056106511597,23.776983890267594,2.1899469719635998,48.83811542293799,1.7410405830228133,85.14611377716065,1.13260965347973,89.82871384212697,0.23794543908753593,67.74406395844429,0.5968736939688014,184.17890586853028,2.902355878943087,89.682811409235,1.5360582502637274,53.79726813942723,0.7477165493322466,0.5800231456756592,0.00526640743837542,23.151479721069336,0.10230287730984136,9.733573491583648,0.36920972183140727,4.563364783129589,0.5998909330678582,vague-wind-5,35.69403396282378
selftouch_contrastive_mamba,Contrastive Mamba,history-2step,5,79.4641889254865,1.4943585354698405,91.7666698660515,2.08449291208294,62.24071560869546,4.543050019865194,49.2409761428833,0.3273091763260077,96.6133073976376,0.08478316989948977,87.28372748324227,0.3626793652237932,96.85377616882325,0.9487691286678003,94.06173940002918,1.5768659916599659,78.96559547275197,0.33759389215792046,0.565768814086914,0.002332140828435458,22.388813400268553,0.09053831472701651,8.026561978772289,0.959604509748194,4.459691309776533,0.8777943255419839,misty-sky-6,81.70172591322965
