variant,run,finger,model_best_epoch,mae_at_model_best,accuracy_at_model_best,profile_accuracy_at_model_best,corr_at_model_best,r2_at_model_best,bias_at_model_best,best_finger_epoch,best_finger_mae,best_finger_accuracy,final_finger_mae,final_finger_accuracy
selftouch_fcn_pos,winter-donkey-1,index,450,586.3763427734375,89.72725140831685,71.19231905255998,0.869256134704267,0.752767679347915,80.6615219116211,450,586.3763427734375,89.72725140831685,589.3049926757812,89.67594428358268
selftouch_fcn_pos,winter-donkey-1,thumb,450,508.015380859375,91.10005996559633,98.33629182406834,0.7394259707538748,0.5465284821330456,2.0359184741973877,500,507.43084716796875,91.11030043271133,507.43084716796875,91.11030043271133
selftouch_fcn_pos,winter-donkey-1,middle,450,431.4834899902344,92.44082496035429,94.47669982910156,0.8964350228791783,0.8032508633407327,15.46529483795166,500,429.4923400878906,92.47570798830589,429.4923400878906,92.47570798830589
selftouch_fcn_pos,winter-donkey-1,ring,450,230.07644653320312,95.96928231973942,97.93108088629586,0.9500709357894094,0.9018448399480277,5.738438606262207,500,229.86695861816406,95.97295234618356,229.86695861816406,95.97295234618356
selftouch_fcn_vel,proud-snow-1,index,450,591.869140625,89.63102288189445,80.61463492257255,0.8673173677122877,0.7505933928451071,54.27883529663086,450,591.869140625,89.63102288189445,594.0065307617188,89.5935778659291
selftouch_fcn_vel,proud-snow-1,thumb,450,508.4717102050781,91.09206551510188,97.0622079713004,0.7370913447463718,0.5430861427766716,7.962509632110596,450,508.4717102050781,91.09206551510188,508.82244873046875,91.08592091404975
selftouch_fcn_vel,proud-snow-1,middle,450,427.3573303222656,92.513111302463,93.91323838915143,0.8981928716228207,0.8062814675737742,17.042970657348633,450,427.3573303222656,92.513111302463,427.4661865234375,92.511204246694
selftouch_fcn_vel,proud-snow-1,ring,450,219.4635772705078,96.15520956444445,96.46301065172467,0.954788872469747,0.9107078745469959,-9.876254081726074,400,216.8911895751953,96.20027531854582,223.46942138671875,96.08503103488667
selftouch_fcn_trq,swift-forest-1,index,450,596.10498046875,89.55681504877542,75.75963429042272,0.8644294874905959,0.7455111922574871,67.87303924560547,500,592.3952026367188,89.62180678227409,592.3952026367188,89.62180678227409
selftouch_fcn_trq,swift-forest-1,thumb,450,513.7429809570312,90.99971793003836,98.498660666602,0.7365913312586838,0.5424554573023774,-0.6394953727722168,450,513.7429809570312,90.99971793003836,514.6027221679688,90.98465609232488
selftouch_fcn_trq,swift-forest-1,middle,450,433.2300109863281,92.41022759515685,91.80507591792515,0.8973849685627758,0.80495943791583,22.94579315185547,400,431.8406677246094,92.43456755056447,432.849609375,92.41689186489626
selftouch_fcn_trq,swift-forest-1,ring,450,224.5498504638672,96.06610295837493,98.6893310717174,0.9527522715020327,0.9066914827070589,3.3940820693969727,250,220.90423583984375,96.12997061428618,227.83221435546875,96.00859910532834
selftouch_fcn_cmd,serene-snow-1,index,450,599.863037109375,89.49097751706354,77.921998160226,0.8633587078536585,0.7437208438372291,61.81836700439453,400,598.12255859375,89.52146902382466,600.9111328125,89.47261589011369
selftouch_fcn_cmd,serene-snow-1,thumb,450,512.5166625976562,91.02120184622031,86.4208425794329,0.7331516666189538,0.5348889580850739,-38.021610260009766,500,509.44366455078125,91.07503781137704,509.44366455078125,91.07503781137704
selftouch_fcn_cmd,serene-snow-1,middle,450,443.1874694824219,92.23578251563902,97.63977919306073,0.8916950879762551,0.7948644627884491,6.045096397399902,450,443.1874694824219,92.23578251563902,443.90802001953125,92.22315916443029
selftouch_fcn_cmd,serene-snow-1,ring,450,235.52987670898438,95.87374347706866,90.09684222085134,0.9503241720753874,0.8998295428479132,-27.728845596313477,250,222.1245880126953,96.1085912199441,239.99163818359375,95.79557771463708
selftouch_fcn_posvel,solar-frost-1,index,425,525.1608276367188,90.79968825652861,83.01128796168736,0.8966202263975871,0.8024630962792978,47.56856918334961,475,523.5216064453125,90.82840583252396,523.543212890625,90.82802730841844
selftouch_fcn_posvel,solar-frost-1,thumb,425,483.26678466796875,91.5336315272813,94.89245414733887,0.7737875029996404,0.5984511815355498,14.301105499267578,325,482.4969787597656,91.54711778513742,483.506591796875,91.52943033742072
selftouch_fcn_posvel,solar-frost-1,middle,425,337.9605407714844,94.07925692766878,88.9920813696725,0.9393376995650821,0.8818926875034858,30.822221755981445,500,337.19110107421875,94.09273676986209,337.19110107421875,94.09273676986209
selftouch_fcn_posvel,solar-frost-1,ring,425,233.8269500732422,95.9035771110729,91.44303117479596,0.9425543641490495,0.8880514736930039,23.95954704284668,150,212.56385803222656,96.27608599808912,238.9043426513672,95.81462608482643
selftouch_fcn_postrq,olive-galaxy-1,index,475,506.1216735839844,91.13323589260307,79.2144843510219,0.9044496746820017,0.8159622475924293,58.19938659667969,475,506.1216735839844,91.13323589260307,506.9271240234375,91.11912517690054
selftouch_fcn_postrq,olive-galaxy-1,thumb,475,475.2113037109375,91.67475579274071,98.24901495661055,0.7828355115050645,0.6128171378860876,-4.646824836730957,450,474.8276062011719,91.68147780344536,475.86639404296875,91.66327924125848
selftouch_fcn_postrq,olive-galaxy-1,middle,475,323.6048278808594,94.33075518675997,85.31760488237654,0.9464966056389672,0.894907646838443,41.11076354980469,500,323.2705993652344,94.3366105483473,323.2705993652344,94.3366105483473
selftouch_fcn_postrq,olive-galaxy-1,ring,475,222.64779663085938,96.09942510902978,83.38708468845913,0.9530168009597862,0.907380953123646,46.516178131103516,125,199.0115203857422,96.51350989690035,222.38687133789062,96.10399626877883
selftouch_fcn_poscmd,swift-dust-1,index,425,512.721923828125,91.01760586721774,83.59379904610769,0.9023353933119661,0.813277186096531,45.937374114990234,500,510.4850769042969,91.05679327027339,510.4850769042969,91.05679327027339
selftouch_fcn_poscmd,swift-dust-1,thumb,425,476.8840026855469,91.6454517182372,95.81519637789046,0.7774611409479004,0.6041789834165228,11.717422485351562,325,475.7533874511719,91.6652590078726,477.9857482910156,91.62615019668631
selftouch_fcn_poscmd,swift-dust-1,middle,425,325.5716247558594,94.29629880038493,89.3478924887521,0.944486335651779,0.8915724631913273,29.825864791870117,500,324.79241943359375,94.30994972691971,324.79241943359375,94.30994972691971
selftouch_fcn_poscmd,swift-dust-1,ring,425,228.4505615234375,95.99776625868095,96.73903942108154,0.947755625996097,0.8975483834007194,9.130667686462402,75,199.35208129882812,96.50754359781035,233.8578643798828,95.90303552220439
selftouch_fcn_velcmd,fresh-galaxy-1,index,425,534.9671020507812,90.62789177647238,78.64962305341447,0.894036911660973,0.7980958535584427,59.78103256225586,475,533.7445068359375,90.64931046674914,533.759033203125,90.64905597879118
selftouch_fcn_velcmd,fresh-galaxy-1,thumb,425,482.6824951171875,91.54386771728777,98.83136076586587,0.7726461458974421,0.5969533234281854,-0.19423605501651764,300,480.89813232421875,91.57512803430843,483.11669921875,91.5362608797545
selftouch_fcn_velcmd,fresh-galaxy-1,middle,425,339.47052001953125,94.05280354600526,86.45950044904436,0.9387837679739748,0.8805037284795102,37.91341018676758,450,339.42828369140625,94.05354348578219,340.0858459472656,94.04202362857602
selftouch_fcn_velcmd,fresh-galaxy-1,ring,425,233.0150909423828,95.91780010087454,98.48104476928711,0.945043746236712,0.8924259303808804,4.156967639923096,250,223.3199920654297,96.08764889263067,235.72616577148438,95.87030468180481
selftouch_fcn_veltrq,fluent-plant-1,index,400,519.3240356445312,90.9019432288798,78.48562513078963,0.9018148325879021,0.811548361646329,60.24028015136719,450,518.828125,90.91063110559583,519.0958862304688,90.90594018680774
selftouch_fcn_veltrq,fluent-plant-1,thumb,400,483.800537109375,91.52428069874202,97.42703097207206,0.774392268778541,0.5996261481520256,7.075644016265869,500,483.1669921875,91.53537979539585,483.1669921875,91.53537979539585
selftouch_fcn_veltrq,fluent-plant-1,middle,400,338.8297119140625,94.06402988663807,91.49472713470459,0.9395173811344945,0.8824280131394504,23.814809799194336,450,337.67291259765625,94.08429589616408,337.69146728515625,94.08397083591525
selftouch_fcn_veltrq,fluent-plant-1,ring,400,234.98536682128906,95.88328276570284,83.29741886683873,0.9460668748583398,0.894112802277616,46.76726150512695,225,208.067138671875,96.35486418899936,239.6736602783203,95.80114838118739
selftouch_fcn_trqcmd,legendary-disco-1,index,400,520.458740234375,90.88206429767641,80.42033740452358,0.8982156460723731,0.8057090593335017,54.8231315612793,475,517.4888305664062,90.93409425375333,519.1124267578125,90.90565041270435
selftouch_fcn_trqcmd,legendary-disco-1,thumb,400,474.2862243652344,91.69096229162642,94.55963781901768,0.7806978500773505,0.6093084997703759,15.23302936553955,475,473.92999267578125,91.69720312762065,474.71392822265625,91.68346933210796
selftouch_fcn_trqcmd,legendary-disco-1,middle,400,337.6416320800781,94.0848439006954,87.28597504752022,0.940991257461834,0.8848772819753682,35.59931945800781,500,336.612548828125,94.10287244781792,336.612548828125,94.10287244781792
selftouch_fcn_trqcmd,legendary-disco-1,ring,400,237.4474334716797,95.8401497300217,95.28065953935896,0.9405987122422609,0.884205350718104,13.214164733886719,25,213.30523681640625,96.26309775605831,246.98204040527344,95.67311260249015
selftouch_fcn_posveltrq,balmy-serenity-1,index,400,508.7018737792969,91.08803327102851,71.46072932652065,0.9017773779292985,0.810904549448174,79.9099349975586,500,505.3546142578125,91.14667403298813,505.3546142578125,91.14667403298813
selftouch_fcn_posveltrq,balmy-serenity-1,thumb,400,477.99237060546875,91.62603418011724,95.31965630395072,0.7753184839935716,0.6009969448041463,13.062474250793457,400,477.99237060546875,91.62603418011724,478.8358154296875,91.61125783939863
selftouch_fcn_posveltrq,balmy-serenity-1,middle,400,327.6900329589844,94.25918632960834,85.11313847133091,0.9422491344585349,0.8870497596155015,41.683319091796875,500,326.6036682128906,94.2782183933214,326.6036682128906,94.2782183933214
selftouch_fcn_posveltrq,balmy-serenity-1,ring,400,216.45518493652344,96.20791369975454,91.52988570077079,0.9515099007307665,0.9049997379016106,23.716289520263672,225,212.23365783691406,96.28187078738559,221.9059600830078,96.1124213706391
selftouch_fcn_postrqcmd,vocal-dragon-1,index,325,532.281982421875,90.67493248544076,83.43626431056431,0.8939599065422621,0.7984040284908329,46.378456115722656,325,532.281982421875,90.67493248544076,532.8443603515625,90.6650801659255
selftouch_fcn_postrqcmd,vocal-dragon-1,thumb,325,472.7164001464844,91.7184640995201,96.19266544069562,0.7755648341614048,0.601394891255601,10.636640548706055,275,472.0621643066406,91.72992568112245,473.4796447753906,91.70509278895594
selftouch_fcn_postrqcmd,vocal-dragon-1,middle,325,333.1927185058594,94.16278458029021,86.83710506984166,0.9403733201001907,0.8835781641874154,36.85612869262695,500,330.4852294921875,94.2102171793283,330.4852294921875,94.2102171793283
selftouch_fcn_postrqcmd,vocal-dragon-1,ring,325,219.67929077148438,96.15143047173262,96.10733985900879,0.9515483407393337,0.9052122243915399,10.899415016174316,200,213.2725830078125,96.26366981932514,225.1669158935547,96.05529256654735
selftouch_fcn_poscmdvel,crisp-haze-1,index,375,534.7340698242188,90.63197427657106,77.49480111258372,0.8919121777477378,0.7941543999907474,63.01462173461914,500,528.760986328125,90.7366169447631,528.760986328125,90.7366169447631
selftouch_fcn_poscmdvel,crisp-haze-1,thumb,375,474.77166748046875,91.68245779593893,97.23091857773916,0.7756160234847076,0.601440046167284,7.6845197677612305,400,474.4144592285156,91.6887157403673,474.5166931152344,91.68692470116738
selftouch_fcn_poscmdvel,crisp-haze-1,middle,375,337.42474365234375,94.08864357699206,90.32378332955496,0.9416585073729193,0.8862215115770666,27.093523025512695,375,337.42474365234375,94.08864357699206,339.93597412109375,94.04464923857925
selftouch_fcn_poscmdvel,crisp-haze-1,ring,375,212.7189483642578,96.27336896489092,95.23439373288835,0.9557567142031049,0.913377813725115,13.34372615814209,175,200.52903747558594,96.48692445951075,224.31732177734375,96.07017663693725
selftouch_fcn_posveltrqcmd,rare-feather-1,index,450,592.6865234375,89.61670312251218,74.6938351222447,0.869015638704423,0.753467133125389,70.85729217529297,450,592.6865234375,89.61670312251218,593.3851318359375,89.60446417643321
selftouch_fcn_posveltrqcmd,rare-feather-1,thumb,450,505.3816833496094,91.14619980857907,95.81568786076137,0.7414572611897595,0.5491137136232491,-11.66911506652832,450,505.3816833496094,91.14619980857907,506.4761962890625,91.1270249963686
selftouch_fcn_posveltrqcmd,rare-feather-1,middle,450,427.7086181640625,92.50695707791667,95.14311109270368,0.8993670890428708,0.8085846224755615,13.599305152893066,500,427.1765441894531,92.51627850133475,427.1765441894531,92.51627850133475
selftouch_fcn_posveltrqcmd,rare-feather-1,ring,450,239.73129272460938,95.80013871625336,91.88371113368443,0.946888607597968,0.8935559777533609,-22.725597381591797,250,226.11538696289062,96.03867626719993,241.44769287109375,95.7700690393217
